# Origin	Destination	menuOption menuTarget objectID	Currency	Quests	Duration	Display info	Varbits
3311 3109 0	3467 3110 0	Travel;Rug Merchant;17	200 Coins	The Golem	3	Uzer
3467 3110 0	3311 3109 0	Travel;Rug Merchant;20	200 Coins	The Golem	3	Shantay Pass
						
3311 3109 0	3182 3043 0	Travel;Rug Merchant;17	200 Coins		3	Bedabin Camp
3182 3043 0	3311 3109 0	Travel;Rug Merchant;18	200 Coins		3	Shantay Pass
						
3311 3109 0	3350 3001 0	Travel;Rug Merchant;17	200 Coins		3	Pollnivneach
3350 3001 0	3311 3109 0	Travel;Rug Merchant;20	200 Coins		3	Shantay Pass
						
3347 2944 0	3402 2916 0	Travel;Rug Merchant;19	200 Coins		3	Nardah
3403 2917 0	3352 2941 0	Travel;Rug Merchant;22	200 Coins		3	Pollnivneach
						
3348 2942 0	3287 2813 0	Travel;Rug Merchant;19	200 Coins	Icthlarin's Little Helper	3	Sophanem
3286 2813 0	3352 2941 0	Travel;Rug Merchant;22	200 Coins	Icthlarin's Little Helper	3	Pollnivneach
						
3348 2942 0	3243 2813 0	Travel;Rug Merchant;19	200 Coins	Icthlarin's Little Helper	3	Menaphos
3246 2813 0	3352 2941 0	Travel;Rug Merchant;22	200 Coins	Icthlarin's Little Helper	3	Pollnivneach

# Imported from Skretzo/shortest-path c31e3eff5c (magic_carpets.tsv)
# Pollnivneach, Nardah, Sophanem, Menaphos
3348 2942 0	3401 2918 0	Travel;Rug Merchant;19	200 Coins		36	Nardah	418<26
3348 2942 0	3401 2918 0	Travel;Rug Merchant;19	200 Coins		36	Nardah	418=26
3401 2918 0	3348 2942 0	Travel;Rug Merchant;22	200 Coins		36	Pollnivneach
3287 2813 0	3348 2942 0	Travel;Rug Merchant;1321	200 Coins		50	Pollnivneach	418=26
3243 2813 0	3348 2942 0	Travel;Rug Merchant;1322	200 Coins		50	Pollnivneach	418=26